,id,url,repository_url,labels_url,comments_url,events_url,html_url,user,user_login,user_id,user_node_id,user_avatar_url,user_gravatar_id,user_url,user_html_url,user_followers_url,user_following_url,user_gists_url,user_starred_url,user_subscriptions_url,user_organizations_url,user_repos_url,user_events_url,user_received_events_url,user_type,user_site_admin
0,1213296029,https://api.github.com/repos/pandas-dev/pandas/issues/46851,https://api.github.com/repos/pandas-dev/pandas,https://api.github.com/repos/pandas-dev/pandas/issues/46851/labels{/name},https://api.github.com/repos/pandas-dev/pandas/issues/46851/comments,https://api.github.com/repos/pandas-dev/pandas/issues/46851/events,https://github.com/pandas-dev/pandas/issues/46851,"{'login': 'phil20686', 'id': 6398777, 'node_id': 'MDQ6VXNlcjYzOTg3Nzc=', 'avatar_url': 'https://avatars.githubusercontent.com/u/6398777?v=4', 'gravatar_id': '', 'url': 'https://api.github.com/users/phil20686', 'html_url': 'https://github.com/phil20686', 'followers_url': 'https://api.github.com/users/phil20686/followers', 'following_url': 'https://api.github.com/users/phil20686/following{/other_user}', 'gists_url': 'https://api.github.com/users/phil20686/gists{/gist_id}', 'starred_url': 'https://api.github.com/users/phil20686/starred{/owner}{/repo}', 'subscriptions_url': 'https://api.github.com/users/phil20686/subscriptions', 'organizations_url': 'https://api.github.com/users/phil20686/orgs', 'repos_url': 'https://api.github.com/users/phil20686/repos', 'events_url': 'https://api.github.com/users/phil20686/events{/privacy}', 'received_events_url': 'https://api.github.com/users/phil20686/received_events', 'type': 'User', 'site_admin': False}",phil20686,6398777,MDQ6VXNlcjYzOTg3Nzc=,https://avatars.githubusercontent.com/u/6398777?v=4,,https://api.github.com/users/phil20686,https://github.com/phil20686,https://api.github.com/users/phil20686/followers,https://api.github.com/users/phil20686/following{/other_user},https://api.github.com/users/phil20686/gists{/gist_id},https://api.github.com/users/phil20686/starred{/owner}{/repo},https://api.github.com/users/phil20686/subscriptions,https://api.github.com/users/phil20686/orgs,https://api.github.com/users/phil20686/repos,https://api.github.com/users/phil20686/events{/privacy},https://api.github.com/users/phil20686/received_events,User,FALSE
1,1213266629,https://api.github.com/repos/pandas-dev/pandas/issues/46850,https://api.github.com/repos/pandas-dev/pandas,https://api.github.com/repos/pandas-dev/pandas/issues/46850/labels{/name},https://api.github.com/repos/pandas-dev/pandas/issues/46850/comments,https://api.github.com/repos/pandas-dev/pandas/issues/46850/events,https://github.com/pandas-dev/pandas/pull/46850,"{'login': 'multimeric', 'id': 5019367, 'node_id': 'MDQ6VXNlcjUwMTkzNjc=', 'avatar_url': 'https://avatars.githubusercontent.com/u/5019367?v=4', 'gravatar_id': '', 'url': 'https://api.github.com/users/multimeric', 'html_url': 'https://github.com/multimeric', 'followers_url': 'https://api.github.com/users/multimeric/followers', 'following_url': 'https://api.github.com/users/multimeric/following{/other_user}', 'gists_url': 'https://api.github.com/users/multimeric/gists{/gist_id}', 'starred_url': 'https://api.github.com/users/multimeric/starred{/owner}{/repo}', 'subscriptions_url': 'https://api.github.com/users/multimeric/subscriptions', 'organizations_url': 'https://api.github.com/users/multimeric/orgs', 'repos_url': 'https://api.github.com/users/multimeric/repos', 'events_url': 'https://api.github.com/users/multimeric/events{/privacy}', 'received_events_url': 'https://api.github.com/users/multimeric/received_events', 'type': 'User', 'site_admin': False}",multimeric,5019367,MDQ6VXNlcjUwMTkzNjc=,https://avatars.githubusercontent.com/u/5019367?v=4,,https://api.github.com/users/multimeric,https://github.com/multimeric,https://api.github.com/users/multimeric/followers,https://api.github.com/users/multimeric/following{/other_user},https://api.github.com/users/multimeric/gists{/gist_id},https://api.github.com/users/multimeric/starred{/owner}{/repo},https://api.github.com/users/multimeric/subscriptions,https://api.github.com/users/multimeric/orgs,https://api.github.com/users/multimeric/repos,https://api.github.com/users/multimeric/events{/privacy},https://api.github.com/users/multimeric/received_events,User,FALSE
2,1213204578,https://api.github.com/repos/pandas-dev/pandas/issues/46849,https://api.github.com/repos/pandas-dev/pandas,https://api.github.com/repos/pandas-dev/pandas/issues/46849/labels{/name},https://api.github.com/repos/pandas-dev/pandas/issues/46849/comments,https://api.github.com/repos/pandas-dev/pandas/issues/46849/events,https://github.com/pandas-dev/pandas/issues/46849,"{'login': 'RakeshJarupula', 'id': 53005533, 'node_id': 'MDQ6VXNlcjUzMDA1NTMz', 'avatar_url': 'https://avatars.githubusercontent.com/u/53005533?v=4', 'gravatar_id': '', 'url': 'https://api.github.com/users/RakeshJarupula', 'html_url': 'https://github.com/RakeshJarupula', 'followers_url': 'https://api.github.com/users/RakeshJarupula/followers', 'following_url': 'https://api.github.com/users/RakeshJarupula/following{/other_user}', 'gists_url': 'https://api.github.com/users/RakeshJarupula/gists{/gist_id}', 'starred_url': 'https://api.github.com/users/RakeshJarupula/starred{/owner}{/repo}', 'subscriptions_url': 'https://api.github.com/users/RakeshJarupula/subscriptions', 'organizations_url': 'https://api.github.com/users/RakeshJarupula/orgs', 'repos_url': 'https://api.github.com/users/RakeshJarupula/repos', 'events_url': 'https://api.github.com/users/RakeshJarupula/events{/privacy}', 'received_events_url': 'https://api.github.com/users/RakeshJarupula/received_events', 'type': 'User', 'site_admin': False}",RakeshJarupula,53005533,MDQ6VXNlcjUzMDA1NTMz,https://avatars.githubusercontent.com/u/53005533?v=4,,https://api.github.com/users/RakeshJarupula,https://github.com/RakeshJarupula,https://api.github.com/users/RakeshJarupula/followers,https://api.github.com/users/RakeshJarupula/following{/other_user},https://api.github.com/users/RakeshJarupula/gists{/gist_id},https://api.github.com/users/RakeshJarupula/starred{/owner}{/repo},https://api.github.com/users/RakeshJarupula/subscriptions,https://api.github.com/users/RakeshJarupula/orgs,https://api.github.com/users/RakeshJarupula/repos,https://api.github.com/users/RakeshJarupula/events{/privacy},https://api.github.com/users/RakeshJarupula/received_events,User,FALSE
3,1213107307,https://api.github.com/repos/pandas-dev/pandas/issues/46848,https://api.github.com/repos/pandas-dev/pandas,https://api.github.com/repos/pandas-dev/pandas/issues/46848/labels{/name},https://api.github.com/repos/pandas-dev/pandas/issues/46848/comments,https://api.github.com/repos/pandas-dev/pandas/issues/46848/events,https://github.com/pandas-dev/pandas/issues/46848,"{'login': 'hrenski', 'id': 53806545, 'node_id': 'MDQ6VXNlcjUzODA2NTQ1', 'avatar_url': 'https://avatars.githubusercontent.com/u/53806545?v=4', 'gravatar_id': '', 'url': 'https://api.github.com/users/hrenski', 'html_url': 'https://github.com/hrenski', 'followers_url': 'https://api.github.com/users/hrenski/followers', 'following_url': 'https://api.github.com/users/hrenski/following{/other_user}', 'gists_url': 'https://api.github.com/users/hrenski/gists{/gist_id}', 'starred_url': 'https://api.github.com/users/hrenski/starred{/owner}{/repo}', 'subscriptions_url': 'https://api.github.com/users/hrenski/subscriptions', 'organizations_url': 'https://api.github.com/users/hrenski/orgs', 'repos_url': 'https://api.github.com/users/hrenski/repos', 'events_url': 'https://api.github.com/users/hrenski/events{/privacy}', 'received_events_url': 'https://api.github.com/users/hrenski/received_events', 'type': 'User', 'site_admin': False}",hrenski,53806545,MDQ6VXNlcjUzODA2NTQ1,https://avatars.githubusercontent.com/u/53806545?v=4,,https://api.github.com/users/hrenski,https://github.com/hrenski,https://api.github.com/users/hrenski/followers,https://api.github.com/users/hrenski/following{/other_user},https://api.github.com/users/hrenski/gists{/gist_id},https://api.github.com/users/hrenski/starred{/owner}{/repo},https://api.github.com/users/hrenski/subscriptions,https://api.github.com/users/hrenski/orgs,https://api.github.com/users/hrenski/repos,https://api.github.com/users/hrenski/events{/privacy},https://api.github.com/users/hrenski/received_events,User,FALSE
4,1213061150,https://api.github.com/repos/pandas-dev/pandas/issues/46847,https://api.github.com/repos/pandas-dev/pandas,https://api.github.com/repos/pandas-dev/pandas/issues/46847/labels{/name},https://api.github.com/repos/pandas-dev/pandas/issues/46847/comments,https://api.github.com/repos/pandas-dev/pandas/issues/46847/events,https://github.com/pandas-dev/pandas/pull/46847,"{'login': 'jbrockmendel', 'id': 8078968, 'node_id': 'MDQ6VXNlcjgwNzg5Njg=', 'avatar_url': 'https://avatars.githubusercontent.com/u/8078968?v=4', 'gravatar_id': '', 'url': 'https://api.github.com/users/jbrockmendel', 'html_url': 'https://github.com/jbrockmendel', 'followers_url': 'https://api.github.com/users/jbrockmendel/followers', 'following_url': 'https://api.github.com/users/jbrockmendel/following{/other_user}', 'gists_url': 'https://api.github.com/users/jbrockmendel/gists{/gist_id}', 'starred_url': 'https://api.github.com/users/jbrockmendel/starred{/owner}{/repo}', 'subscriptions_url': 'https://api.github.com/users/jbrockmendel/subscriptions', 'organizations_url': 'https://api.github.com/users/jbrockmendel/orgs', 'repos_url': 'https://api.github.com/users/jbrockmendel/repos', 'events_url': 'https://api.github.com/users/jbrockmendel/events{/privacy}', 'received_events_url': 'https://api.github.com/users/jbrockmendel/received_events', 'type': 'User', 'site_admin': False}",jbrockmendel,8078968,MDQ6VXNlcjgwNzg5Njg=,https://avatars.githubusercontent.com/u/8078968?v=4,,https://api.github.com/users/jbrockmendel,https://github.com/jbrockmendel,https://api.github.com/users/jbrockmendel/followers,https://api.github.com/users/jbrockmendel/following{/other_user},https://api.github.com/users/jbrockmendel/gists{/gist_id},https://api.github.com/users/jbrockmendel/starred{/owner}{/repo},https://api.github.com/users/jbrockmendel/subscriptions,https://api.github.com/users/jbrockmendel/orgs,https://api.github.com/users/jbrockmendel/repos,https://api.github.com/users/jbrockmendel/events{/privacy},https://api.github.com/users/jbrockmendel/received_events,User,FALSE
5,1213035674,https://api.github.com/repos/pandas-dev/pandas/issues/46846,https://api.github.com/repos/pandas-dev/pandas,https://api.github.com/repos/pandas-dev/pandas/issues/46846/labels{/name},https://api.github.com/repos/pandas-dev/pandas/issues/46846/comments,https://api.github.com/repos/pandas-dev/pandas/issues/46846/events,https://github.com/pandas-dev/pandas/pull/46846,"{'login': 'DongqiWu', 'id': 73769392, 'node_id': 'MDQ6VXNlcjczNzY5Mzky', 'avatar_url': 'https://avatars.githubusercontent.com/u/73769392?v=4', 'gravatar_id': '', 'url': 'https://api.github.com/users/DongqiWu', 'html_url': 'https://github.com/DongqiWu', 'followers_url': 'https://api.github.com/users/DongqiWu/followers', 'following_url': 'https://api.github.com/users/DongqiWu/following{/other_user}', 'gists_url': 'https://api.github.com/users/DongqiWu/gists{/gist_id}', 'starred_url': 'https://api.github.com/users/DongqiWu/starred{/owner}{/repo}', 'subscriptions_url': 'https://api.github.com/users/DongqiWu/subscriptions', 'organizations_url': 'https://api.github.com/users/DongqiWu/orgs', 'repos_url': 'https://api.github.com/users/DongqiWu/repos', 'events_url': 'https://api.github.com/users/DongqiWu/events{/privacy}', 'received_events_url': 'https://api.github.com/users/DongqiWu/received_events', 'type': 'User', 'site_admin': False}",DongqiWu,73769392,MDQ6VXNlcjczNzY5Mzky,https://avatars.githubusercontent.com/u/73769392?v=4,,https://api.github.com/users/DongqiWu,https://github.com/DongqiWu,https://api.github.com/users/DongqiWu/followers,https://api.github.com/users/DongqiWu/following{/other_user},https://api.github.com/users/DongqiWu/gists{/gist_id},https://api.github.com/users/DongqiWu/starred{/owner}{/repo},https://api.github.com/users/DongqiWu/subscriptions,https://api.github.com/users/DongqiWu/orgs,https://api.github.com/users/DongqiWu/repos,https://api.github.com/users/DongqiWu/events{/privacy},https://api.github.com/users/DongqiWu/received_events,User,FALSE
6,1212926885,https://api.github.com/repos/pandas-dev/pandas/issues/46844,https://api.github.com/repos/pandas-dev/pandas,https://api.github.com/repos/pandas-dev/pandas/issues/46844/labels{/name},https://api.github.com/repos/pandas-dev/pandas/issues/46844/comments,https://api.github.com/repos/pandas-dev/pandas/issues/46844/events,https://github.com/pandas-dev/pandas/issues/46844,"{'login': 'jbrockmendel', 'id': 8078968, 'node_id': 'MDQ6VXNlcjgwNzg5Njg=', 'avatar_url': 'https://avatars.githubusercontent.com/u/8078968?v=4', 'gravatar_id': '', 'url': 'https://api.github.com/users/jbrockmendel', 'html_url': 'https://github.com/jbrockmendel', 'followers_url': 'https://api.github.com/users/jbrockmendel/followers', 'following_url': 'https://api.github.com/users/jbrockmendel/following{/other_user}', 'gists_url': 'https://api.github.com/users/jbrockmendel/gists{/gist_id}', 'starred_url': 'https://api.github.com/users/jbrockmendel/starred{/owner}{/repo}', 'subscriptions_url': 'https://api.github.com/users/jbrockmendel/subscriptions', 'organizations_url': 'https://api.github.com/users/jbrockmendel/orgs', 'repos_url': 'https://api.github.com/users/jbrockmendel/repos', 'events_url': 'https://api.github.com/users/jbrockmendel/events{/privacy}', 'received_events_url': 'https://api.github.com/users/jbrockmendel/received_events', 'type': 'User', 'site_admin': False}",jbrockmendel,8078968,MDQ6VXNlcjgwNzg5Njg=,https://avatars.githubusercontent.com/u/8078968?v=4,,https://api.github.com/users/jbrockmendel,https://github.com/jbrockmendel,https://api.github.com/users/jbrockmendel/followers,https://api.github.com/users/jbrockmendel/following{/other_user},https://api.github.com/users/jbrockmendel/gists{/gist_id},https://api.github.com/users/jbrockmendel/starred{/owner}{/repo},https://api.github.com/users/jbrockmendel/subscriptions,https://api.github.com/users/jbrockmendel/orgs,https://api.github.com/users/jbrockmendel/repos,https://api.github.com/users/jbrockmendel/events{/privacy},https://api.github.com/users/jbrockmendel/received_events,User,FALSE
7,1212918358,https://api.github.com/repos/pandas-dev/pandas/issues/46843,https://api.github.com/repos/pandas-dev/pandas,https://api.github.com/repos/pandas-dev/pandas/issues/46843/labels{/name},https://api.github.com/repos/pandas-dev/pandas/issues/46843/comments,https://api.github.com/repos/pandas-dev/pandas/issues/46843/events,https://github.com/pandas-dev/pandas/issues/46843,"{'login': 'jbrockmendel', 'id': 8078968, 'node_id': 'MDQ6VXNlcjgwNzg5Njg=', 'avatar_url': 'https://avatars.githubusercontent.com/u/8078968?v=4', 'gravatar_id': '', 'url': 'https://api.github.com/users/jbrockmendel', 'html_url': 'https://github.com/jbrockmendel', 'followers_url': 'https://api.github.com/users/jbrockmendel/followers', 'following_url': 'https://api.github.com/users/jbrockmendel/following{/other_user}', 'gists_url': 'https://api.github.com/users/jbrockmendel/gists{/gist_id}', 'starred_url': 'https://api.github.com/users/jbrockmendel/starred{/owner}{/repo}', 'subscriptions_url': 'https://api.github.com/users/jbrockmendel/subscriptions', 'organizations_url': 'https://api.github.com/users/jbrockmendel/orgs', 'repos_url': 'https://api.github.com/users/jbrockmendel/repos', 'events_url': 'https://api.github.com/users/jbrockmendel/events{/privacy}', 'received_events_url': 'https://api.github.com/users/jbrockmendel/received_events', 'type': 'User', 'site_admin': False}",jbrockmendel,8078968,MDQ6VXNlcjgwNzg5Njg=,https://avatars.githubusercontent.com/u/8078968?v=4,,https://api.github.com/users/jbrockmendel,https://github.com/jbrockmendel,https://api.github.com/users/jbrockmendel/followers,https://api.github.com/users/jbrockmendel/following{/other_user},https://api.github.com/users/jbrockmendel/gists{/gist_id},https://api.github.com/users/jbrockmendel/starred{/owner}{/repo},https://api.github.com/users/jbrockmendel/subscriptions,https://api.github.com/users/jbrockmendel/orgs,https://api.github.com/users/jbrockmendel/repos,https://api.github.com/users/jbrockmendel/events{/privacy},https://api.github.com/users/jbrockmendel/received_events,User,FALSE
8,1212902376,https://api.github.com/repos/pandas-dev/pandas/issues/46842,https://api.github.com/repos/pandas-dev/pandas,https://api.github.com/repos/pandas-dev/pandas/issues/46842/labels{/name},https://api.github.com/repos/pandas-dev/pandas/issues/46842/comments,https://api.github.com/repos/pandas-dev/pandas/issues/46842/events,https://github.com/pandas-dev/pandas/pull/46842,"{'login': 'mroeschke', 'id': 10647082, 'node_id': 'MDQ6VXNlcjEwNjQ3MDgy', 'avatar_url': 'https://avatars.githubusercontent.com/u/10647082?v=4', 'gravatar_id': '', 'url': 'https://api.github.com/users/mroeschke', 'html_url': 'https://github.com/mroeschke', 'followers_url': 'https://api.github.com/users/mroeschke/followers', 'following_url': 'https://api.github.com/users/mroeschke/following{/other_user}', 'gists_url': 'https://api.github.com/users/mroeschke/gists{/gist_id}', 'starred_url': 'https://api.github.com/users/mroeschke/starred{/owner}{/repo}', 'subscriptions_url': 'https://api.github.com/users/mroeschke/subscriptions', 'organizations_url': 'https://api.github.com/users/mroeschke/orgs', 'repos_url': 'https://api.github.com/users/mroeschke/repos', 'events_url': 'https://api.github.com/users/mroeschke/events{/privacy}', 'received_events_url': 'https://api.github.com/users/mroeschke/received_events', 'type': 'User', 'site_admin': False}",mroeschke,10647082,MDQ6VXNlcjEwNjQ3MDgy,https://avatars.githubusercontent.com/u/10647082?v=4,,https://api.github.com/users/mroeschke,https://github.com/mroeschke,https://api.github.com/users/mroeschke/followers,https://api.github.com/users/mroeschke/following{/other_user},https://api.github.com/users/mroeschke/gists{/gist_id},https://api.github.com/users/mroeschke/starred{/owner}{/repo},https://api.github.com/users/mroeschke/subscriptions,https://api.github.com/users/mroeschke/orgs,https://api.github.com/users/mroeschke/repos,https://api.github.com/users/mroeschke/events{/privacy},https://api.github.com/users/mroeschke/received_events,User,FALSE
9,1212753046,https://api.github.com/repos/pandas-dev/pandas/issues/46841,https://api.github.com/repos/pandas-dev/pandas,https://api.github.com/repos/pandas-dev/pandas/issues/46841/labels{/name},https://api.github.com/repos/pandas-dev/pandas/issues/46841/comments,https://api.github.com/repos/pandas-dev/pandas/issues/46841/events,https://github.com/pandas-dev/pandas/pull/46841,"{'login': 'martin-martin', 'id': 12371494, 'node_id': 'MDQ6VXNlcjEyMzcxNDk0', 'avatar_url': 'https://avatars.githubusercontent.com/u/12371494?v=4', 'gravatar_id': '', 'url': 'https://api.github.com/users/martin-martin', 'html_url': 'https://github.com/martin-martin', 'followers_url': 'https://api.github.com/users/martin-martin/followers', 'following_url': 'https://api.github.com/users/martin-martin/following{/other_user}', 'gists_url': 'https://api.github.com/users/martin-martin/gists{/gist_id}', 'starred_url': 'https://api.github.com/users/martin-martin/starred{/owner}{/repo}', 'subscriptions_url': 'https://api.github.com/users/martin-martin/subscriptions', 'organizations_url': 'https://api.github.com/users/martin-martin/orgs', 'repos_url': 'https://api.github.com/users/martin-martin/repos', 'events_url': 'https://api.github.com/users/martin-martin/events{/privacy}', 'received_events_url': 'https://api.github.com/users/martin-martin/received_events', 'type': 'User', 'site_admin': False}",martin-martin,12371494,MDQ6VXNlcjEyMzcxNDk0,https://avatars.githubusercontent.com/u/12371494?v=4,,https://api.github.com/users/martin-martin,https://github.com/martin-martin,https://api.github.com/users/martin-martin/followers,https://api.github.com/users/martin-martin/following{/other_user},https://api.github.com/users/martin-martin/gists{/gist_id},https://api.github.com/users/martin-martin/starred{/owner}{/repo},https://api.github.com/users/martin-martin/subscriptions,https://api.github.com/users/martin-martin/orgs,https://api.github.com/users/martin-martin/repos,https://api.github.com/users/martin-martin/events{/privacy},https://api.github.com/users/martin-martin/received_events,User,FALSE
10,1212679961,https://api.github.com/repos/pandas-dev/pandas/issues/46840,https://api.github.com/repos/pandas-dev/pandas,https://api.github.com/repos/pandas-dev/pandas/issues/46840/labels{/name},https://api.github.com/repos/pandas-dev/pandas/issues/46840/comments,https://api.github.com/repos/pandas-dev/pandas/issues/46840/events,https://github.com/pandas-dev/pandas/issues/46840,"{'login': 'AgustinPardo', 'id': 14830537, 'node_id': 'MDQ6VXNlcjE0ODMwNTM3', 'avatar_url': 'https://avatars.githubusercontent.com/u/14830537?v=4', 'gravatar_id': '', 'url': 'https://api.github.com/users/AgustinPardo', 'html_url': 'https://github.com/AgustinPardo', 'followers_url': 'https://api.github.com/users/AgustinPardo/followers', 'following_url': 'https://api.github.com/users/AgustinPardo/following{/other_user}', 'gists_url': 'https://api.github.com/users/AgustinPardo/gists{/gist_id}', 'starred_url': 'https://api.github.com/users/AgustinPardo/starred{/owner}{/repo}', 'subscriptions_url': 'https://api.github.com/users/AgustinPardo/subscriptions', 'organizations_url': 'https://api.github.com/users/AgustinPardo/orgs', 'repos_url': 'https://api.github.com/users/AgustinPardo/repos', 'events_url': 'https://api.github.com/users/AgustinPardo/events{/privacy}', 'received_events_url': 'https://api.github.com/users/AgustinPardo/received_events', 'type': 'User', 'site_admin': False}",AgustinPardo,14830537,MDQ6VXNlcjE0ODMwNTM3,https://avatars.githubusercontent.com/u/14830537?v=4,,https://api.github.com/users/AgustinPardo,https://github.com/AgustinPardo,https://api.github.com/users/AgustinPardo/followers,https://api.github.com/users/AgustinPardo/following{/other_user},https://api.github.com/users/AgustinPardo/gists{/gist_id},https://api.github.com/users/AgustinPardo/starred{/owner}{/repo},https://api.github.com/users/AgustinPardo/subscriptions,https://api.github.com/users/AgustinPardo/orgs,https://api.github.com/users/AgustinPardo/repos,https://api.github.com/users/AgustinPardo/events{/privacy},https://api.github.com/users/AgustinPardo/received_events,User,FALSE
11,1212625481,https://api.github.com/repos/pandas-dev/pandas/issues/46839,https://api.github.com/repos/pandas-dev/pandas,https://api.github.com/repos/pandas-dev/pandas/issues/46839/labels{/name},https://api.github.com/repos/pandas-dev/pandas/issues/46839/comments,https://api.github.com/repos/pandas-dev/pandas/issues/46839/events,https://github.com/pandas-dev/pandas/pull/46839,"{'login': 'jbrockmendel', 'id': 8078968, 'node_id': 'MDQ6VXNlcjgwNzg5Njg=', 'avatar_url': 'https://avatars.githubusercontent.com/u/8078968?v=4', 'gravatar_id': '', 'url': 'https://api.github.com/users/jbrockmendel', 'html_url': 'https://github.com/jbrockmendel', 'followers_url': 'https://api.github.com/users/jbrockmendel/followers', 'following_url': 'https://api.github.com/users/jbrockmendel/following{/other_user}', 'gists_url': 'https://api.github.com/users/jbrockmendel/gists{/gist_id}', 'starred_url': 'https://api.github.com/users/jbrockmendel/starred{/owner}{/repo}', 'subscriptions_url': 'https://api.github.com/users/jbrockmendel/subscriptions', 'organizations_url': 'https://api.github.com/users/jbrockmendel/orgs', 'repos_url': 'https://api.github.com/users/jbrockmendel/repos', 'events_url': 'https://api.github.com/users/jbrockmendel/events{/privacy}', 'received_events_url': 'https://api.github.com/users/jbrockmendel/received_events', 'type': 'User', 'site_admin': False}",jbrockmendel,8078968,MDQ6VXNlcjgwNzg5Njg=,https://avatars.githubusercontent.com/u/8078968?v=4,,https://api.github.com/users/jbrockmendel,https://github.com/jbrockmendel,https://api.github.com/users/jbrockmendel/followers,https://api.github.com/users/jbrockmendel/following{/other_user},https://api.github.com/users/jbrockmendel/gists{/gist_id},https://api.github.com/users/jbrockmendel/starred{/owner}{/repo},https://api.github.com/users/jbrockmendel/subscriptions,https://api.github.com/users/jbrockmendel/orgs,https://api.github.com/users/jbrockmendel/repos,https://api.github.com/users/jbrockmendel/events{/privacy},https://api.github.com/users/jbrockmendel/received_events,User,FALSE
12,1212615951,https://api.github.com/repos/pandas-dev/pandas/issues/46838,https://api.github.com/repos/pandas-dev/pandas,https://api.github.com/repos/pandas-dev/pandas/issues/46838/labels{/name},https://api.github.com/repos/pandas-dev/pandas/issues/46838/comments,https://api.github.com/repos/pandas-dev/pandas/issues/46838/events,https://github.com/pandas-dev/pandas/issues/46838,"{'login': 'wikiped', 'id': 5990528, 'node_id': 'MDQ6VXNlcjU5OTA1Mjg=', 'avatar_url': 'https://avatars.githubusercontent.com/u/5990528?v=4', 'gravatar_id': '', 'url': 'https://api.github.com/users/wikiped', 'html_url': 'https://github.com/wikiped', 'followers_url': 'https://api.github.com/users/wikiped/followers', 'following_url': 'https://api.github.com/users/wikiped/following{/other_user}', 'gists_url': 'https://api.github.com/users/wikiped/gists{/gist_id}', 'starred_url': 'https://api.github.com/users/wikiped/starred{/owner}{/repo}', 'subscriptions_url': 'https://api.github.com/users/wikiped/subscriptions', 'organizations_url': 'https://api.github.com/users/wikiped/orgs', 'repos_url': 'https://api.github.com/users/wikiped/repos', 'events_url': 'https://api.github.com/users/wikiped/events{/privacy}', 'received_events_url': 'https://api.github.com/users/wikiped/received_events', 'type': 'User', 'site_admin': False}",wikiped,5990528,MDQ6VXNlcjU5OTA1Mjg=,https://avatars.githubusercontent.com/u/5990528?v=4,,https://api.github.com/users/wikiped,https://github.com/wikiped,https://api.github.com/users/wikiped/followers,https://api.github.com/users/wikiped/following{/other_user},https://api.github.com/users/wikiped/gists{/gist_id},https://api.github.com/users/wikiped/starred{/owner}{/repo},https://api.github.com/users/wikiped/subscriptions,https://api.github.com/users/wikiped/orgs,https://api.github.com/users/wikiped/repos,https://api.github.com/users/wikiped/events{/privacy},https://api.github.com/users/wikiped/received_events,User,FALSE
13,1212578126,https://api.github.com/repos/pandas-dev/pandas/issues/46837,https://api.github.com/repos/pandas-dev/pandas,https://api.github.com/repos/pandas-dev/pandas/issues/46837/labels{/name},https://api.github.com/repos/pandas-dev/pandas/issues/46837/comments,https://api.github.com/repos/pandas-dev/pandas/issues/46837/events,https://github.com/pandas-dev/pandas/issues/46837,"{'login': 'LustigerKernSpalt', 'id': 104220065, 'node_id': 'U_kgDOBjZFoQ', 'avatar_url': 'https://avatars.githubusercontent.com/u/104220065?v=4', 'gravatar_id': '', 'url': 'https://api.github.com/users/LustigerKernSpalt', 'html_url': 'https://github.com/LustigerKernSpalt', 'followers_url': 'https://api.github.com/users/LustigerKernSpalt/followers', 'following_url': 'https://api.github.com/users/LustigerKernSpalt/following{/other_user}', 'gists_url': 'https://api.github.com/users/LustigerKernSpalt/gists{/gist_id}', 'starred_url': 'https://api.github.com/users/LustigerKernSpalt/starred{/owner}{/repo}', 'subscriptions_url': 'https://api.github.com/users/LustigerKernSpalt/subscriptions', 'organizations_url': 'https://api.github.com/users/LustigerKernSpalt/orgs', 'repos_url': 'https://api.github.com/users/LustigerKernSpalt/repos', 'events_url': 'https://api.github.com/users/LustigerKernSpalt/events{/privacy}', 'received_events_url': 'https://api.github.com/users/LustigerKernSpalt/received_events', 'type': 'User', 'site_admin': False}",LustigerKernSpalt,104220065,U_kgDOBjZFoQ,https://avatars.githubusercontent.com/u/104220065?v=4,,https://api.github.com/users/LustigerKernSpalt,https://github.com/LustigerKernSpalt,https://api.github.com/users/LustigerKernSpalt/followers,https://api.github.com/users/LustigerKernSpalt/following{/other_user},https://api.github.com/users/LustigerKernSpalt/gists{/gist_id},https://api.github.com/users/LustigerKernSpalt/starred{/owner}{/repo},https://api.github.com/users/LustigerKernSpalt/subscriptions,https://api.github.com/users/LustigerKernSpalt/orgs,https://api.github.com/users/LustigerKernSpalt/repos,https://api.github.com/users/LustigerKernSpalt/events{/privacy},https://api.github.com/users/LustigerKernSpalt/received_events,User,FALSE
14,1212400646,https://api.github.com/repos/pandas-dev/pandas/issues/46836,https://api.github.com/repos/pandas-dev/pandas,https://api.github.com/repos/pandas-dev/pandas/issues/46836/labels{/name},https://api.github.com/repos/pandas-dev/pandas/issues/46836/comments,https://api.github.com/repos/pandas-dev/pandas/issues/46836/events,https://github.com/pandas-dev/pandas/pull/46836,"{'login': 'Aadharsh-Acharya', 'id': 12886945, 'node_id': 'MDQ6VXNlcjEyODg2OTQ1', 'avatar_url': 'https://avatars.githubusercontent.com/u/12886945?v=4', 'gravatar_id': '', 'url': 'https://api.github.com/users/Aadharsh-Acharya', 'html_url': 'https://github.com/Aadharsh-Acharya', 'followers_url': 'https://api.github.com/users/Aadharsh-Acharya/followers', 'following_url': 'https://api.github.com/users/Aadharsh-Acharya/following{/other_user}', 'gists_url': 'https://api.github.com/users/Aadharsh-Acharya/gists{/gist_id}', 'starred_url': 'https://api.github.com/users/Aadharsh-Acharya/starred{/owner}{/repo}', 'subscriptions_url': 'https://api.github.com/users/Aadharsh-Acharya/subscriptions', 'organizations_url': 'https://api.github.com/users/Aadharsh-Acharya/orgs', 'repos_url': 'https://api.github.com/users/Aadharsh-Acharya/repos', 'events_url': 'https://api.github.com/users/Aadharsh-Acharya/events{/privacy}', 'received_events_url': 'https://api.github.com/users/Aadharsh-Acharya/received_events', 'type': 'User', 'site_admin': False}",Aadharsh-Acharya,12886945,MDQ6VXNlcjEyODg2OTQ1,https://avatars.githubusercontent.com/u/12886945?v=4,,https://api.github.com/users/Aadharsh-Acharya,https://github.com/Aadharsh-Acharya,https://api.github.com/users/Aadharsh-Acharya/followers,https://api.github.com/users/Aadharsh-Acharya/following{/other_user},https://api.github.com/users/Aadharsh-Acharya/gists{/gist_id},https://api.github.com/users/Aadharsh-Acharya/starred{/owner}{/repo},https://api.github.com/users/Aadharsh-Acharya/subscriptions,https://api.github.com/users/Aadharsh-Acharya/orgs,https://api.github.com/users/Aadharsh-Acharya/repos,https://api.github.com/users/Aadharsh-Acharya/events{/privacy},https://api.github.com/users/Aadharsh-Acharya/received_events,User,FALSE
15,1212191753,https://api.github.com/repos/pandas-dev/pandas/issues/46833,https://api.github.com/repos/pandas-dev/pandas,https://api.github.com/repos/pandas-dev/pandas/issues/46833/labels{/name},https://api.github.com/repos/pandas-dev/pandas/issues/46833/comments,https://api.github.com/repos/pandas-dev/pandas/issues/46833/events,https://github.com/pandas-dev/pandas/issues/46833,"{'login': 'olofahlen', 'id': 2066251, 'node_id': 'MDQ6VXNlcjIwNjYyNTE=', 'avatar_url': 'https://avatars.githubusercontent.com/u/2066251?v=4', 'gravatar_id': '', 'url': 'https://api.github.com/users/olofahlen', 'html_url': 'https://github.com/olofahlen', 'followers_url': 'https://api.github.com/users/olofahlen/followers', 'following_url': 'https://api.github.com/users/olofahlen/following{/other_user}', 'gists_url': 'https://api.github.com/users/olofahlen/gists{/gist_id}', 'starred_url': 'https://api.github.com/users/olofahlen/starred{/owner}{/repo}', 'subscriptions_url': 'https://api.github.com/users/olofahlen/subscriptions', 'organizations_url': 'https://api.github.com/users/olofahlen/orgs', 'repos_url': 'https://api.github.com/users/olofahlen/repos', 'events_url': 'https://api.github.com/users/olofahlen/events{/privacy}', 'received_events_url': 'https://api.github.com/users/olofahlen/received_events', 'type': 'User', 'site_admin': False}",olofahlen,2066251,MDQ6VXNlcjIwNjYyNTE=,https://avatars.githubusercontent.com/u/2066251?v=4,,https://api.github.com/users/olofahlen,https://github.com/olofahlen,https://api.github.com/users/olofahlen/followers,https://api.github.com/users/olofahlen/following{/other_user},https://api.github.com/users/olofahlen/gists{/gist_id},https://api.github.com/users/olofahlen/starred{/owner}{/repo},https://api.github.com/users/olofahlen/subscriptions,https://api.github.com/users/olofahlen/orgs,https://api.github.com/users/olofahlen/repos,https://api.github.com/users/olofahlen/events{/privacy},https://api.github.com/users/olofahlen/received_events,User,FALSE
16,1211844106,https://api.github.com/repos/pandas-dev/pandas/issues/46832,https://api.github.com/repos/pandas-dev/pandas,https://api.github.com/repos/pandas-dev/pandas/issues/46832/labels{/name},https://api.github.com/repos/pandas-dev/pandas/issues/46832/comments,https://api.github.com/repos/pandas-dev/pandas/issues/46832/events,https://github.com/pandas-dev/pandas/pull/46832,"{'login': 'VladislavYarovenko', 'id': 56382598, 'node_id': 'MDQ6VXNlcjU2MzgyNTk4', 'avatar_url': 'https://avatars.githubusercontent.com/u/56382598?v=4', 'gravatar_id': '', 'url': 'https://api.github.com/users/VladislavYarovenko', 'html_url': 'https://github.com/VladislavYarovenko', 'followers_url': 'https://api.github.com/users/VladislavYarovenko/followers', 'following_url': 'https://api.github.com/users/VladislavYarovenko/following{/other_user}', 'gists_url': 'https://api.github.com/users/VladislavYarovenko/gists{/gist_id}', 'starred_url': 'https://api.github.com/users/VladislavYarovenko/starred{/owner}{/repo}', 'subscriptions_url': 'https://api.github.com/users/VladislavYarovenko/subscriptions', 'organizations_url': 'https://api.github.com/users/VladislavYarovenko/orgs', 'repos_url': 'https://api.github.com/users/VladislavYarovenko/repos', 'events_url': 'https://api.github.com/users/VladislavYarovenko/events{/privacy}', 'received_events_url': 'https://api.github.com/users/VladislavYarovenko/received_events', 'type': 'User', 'site_admin': False}",VladislavYarovenko,56382598,MDQ6VXNlcjU2MzgyNTk4,https://avatars.githubusercontent.com/u/56382598?v=4,,https://api.github.com/users/VladislavYarovenko,https://github.com/VladislavYarovenko,https://api.github.com/users/VladislavYarovenko/followers,https://api.github.com/users/VladislavYarovenko/following{/other_user},https://api.github.com/users/VladislavYarovenko/gists{/gist_id},https://api.github.com/users/VladislavYarovenko/starred{/owner}{/repo},https://api.github.com/users/VladislavYarovenko/subscriptions,https://api.github.com/users/VladislavYarovenko/orgs,https://api.github.com/users/VladislavYarovenko/repos,https://api.github.com/users/VladislavYarovenko/events{/privacy},https://api.github.com/users/VladislavYarovenko/received_events,User,FALSE
17,1211775543,https://api.github.com/repos/pandas-dev/pandas/issues/46830,https://api.github.com/repos/pandas-dev/pandas,https://api.github.com/repos/pandas-dev/pandas/issues/46830/labels{/name},https://api.github.com/repos/pandas-dev/pandas/issues/46830/comments,https://api.github.com/repos/pandas-dev/pandas/issues/46830/events,https://github.com/pandas-dev/pandas/pull/46830,"{'login': 'hhheidi', 'id': 97198650, 'node_id': 'U_kgDOBcsiOg', 'avatar_url': 'https://avatars.githubusercontent.com/u/97198650?v=4', 'gravatar_id': '', 'url': 'https://api.github.com/users/hhheidi', 'html_url': 'https://github.com/hhheidi', 'followers_url': 'https://api.github.com/users/hhheidi/followers', 'following_url': 'https://api.github.com/users/hhheidi/following{/other_user}', 'gists_url': 'https://api.github.com/users/hhheidi/gists{/gist_id}', 'starred_url': 'https://api.github.com/users/hhheidi/starred{/owner}{/repo}', 'subscriptions_url': 'https://api.github.com/users/hhheidi/subscriptions', 'organizations_url': 'https://api.github.com/users/hhheidi/orgs', 'repos_url': 'https://api.github.com/users/hhheidi/repos', 'events_url': 'https://api.github.com/users/hhheidi/events{/privacy}', 'received_events_url': 'https://api.github.com/users/hhheidi/received_events', 'type': 'User', 'site_admin': False}",hhheidi,97198650,U_kgDOBcsiOg,https://avatars.githubusercontent.com/u/97198650?v=4,,https://api.github.com/users/hhheidi,https://github.com/hhheidi,https://api.github.com/users/hhheidi/followers,https://api.github.com/users/hhheidi/following{/other_user},https://api.github.com/users/hhheidi/gists{/gist_id},https://api.github.com/users/hhheidi/starred{/owner}{/repo},https://api.github.com/users/hhheidi/subscriptions,https://api.github.com/users/hhheidi/orgs,https://api.github.com/users/hhheidi/repos,https://api.github.com/users/hhheidi/events{/privacy},https://api.github.com/users/hhheidi/received_events,User,FALSE
18,1211773418,https://api.github.com/repos/pandas-dev/pandas/issues/46829,https://api.github.com/repos/pandas-dev/pandas,https://api.github.com/repos/pandas-dev/pandas/issues/46829/labels{/name},https://api.github.com/repos/pandas-dev/pandas/issues/46829/comments,https://api.github.com/repos/pandas-dev/pandas/issues/46829/events,https://github.com/pandas-dev/pandas/pull/46829,"{'login': 'hhheidi', 'id': 97198650, 'node_id': 'U_kgDOBcsiOg', 'avatar_url': 'https://avatars.githubusercontent.com/u/97198650?v=4', 'gravatar_id': '', 'url': 'https://api.github.com/users/hhheidi', 'html_url': 'https://github.com/hhheidi', 'followers_url': 'https://api.github.com/users/hhheidi/followers', 'following_url': 'https://api.github.com/users/hhheidi/following{/other_user}', 'gists_url': 'https://api.github.com/users/hhheidi/gists{/gist_id}', 'starred_url': 'https://api.github.com/users/hhheidi/starred{/owner}{/repo}', 'subscriptions_url': 'https://api.github.com/users/hhheidi/subscriptions', 'organizations_url': 'https://api.github.com/users/hhheidi/orgs', 'repos_url': 'https://api.github.com/users/hhheidi/repos', 'events_url': 'https://api.github.com/users/hhheidi/events{/privacy}', 'received_events_url': 'https://api.github.com/users/hhheidi/received_events', 'type': 'User', 'site_admin': False}",hhheidi,97198650,U_kgDOBcsiOg,https://avatars.githubusercontent.com/u/97198650?v=4,,https://api.github.com/users/hhheidi,https://github.com/hhheidi,https://api.github.com/users/hhheidi/followers,https://api.github.com/users/hhheidi/following{/other_user},https://api.github.com/users/hhheidi/gists{/gist_id},https://api.github.com/users/hhheidi/starred{/owner}{/repo},https://api.github.com/users/hhheidi/subscriptions,https://api.github.com/users/hhheidi/orgs,https://api.github.com/users/hhheidi/repos,https://api.github.com/users/hhheidi/events{/privacy},https://api.github.com/users/hhheidi/received_events,User,FALSE
19,1211656406,https://api.github.com/repos/pandas-dev/pandas/issues/46828,https://api.github.com/repos/pandas-dev/pandas,https://api.github.com/repos/pandas-dev/pandas/issues/46828/labels{/name},https://api.github.com/repos/pandas-dev/pandas/issues/46828/comments,https://api.github.com/repos/pandas-dev/pandas/issues/46828/events,https://github.com/pandas-dev/pandas/pull/46828,"{'login': 'jbrockmendel', 'id': 8078968, 'node_id': 'MDQ6VXNlcjgwNzg5Njg=', 'avatar_url': 'https://avatars.githubusercontent.com/u/8078968?v=4', 'gravatar_id': '', 'url': 'https://api.github.com/users/jbrockmendel', 'html_url': 'https://github.com/jbrockmendel', 'followers_url': 'https://api.github.com/users/jbrockmendel/followers', 'following_url': 'https://api.github.com/users/jbrockmendel/following{/other_user}', 'gists_url': 'https://api.github.com/users/jbrockmendel/gists{/gist_id}', 'starred_url': 'https://api.github.com/users/jbrockmendel/starred{/owner}{/repo}', 'subscriptions_url': 'https://api.github.com/users/jbrockmendel/subscriptions', 'organizations_url': 'https://api.github.com/users/jbrockmendel/orgs', 'repos_url': 'https://api.github.com/users/jbrockmendel/repos', 'events_url': 'https://api.github.com/users/jbrockmendel/events{/privacy}', 'received_events_url': 'https://api.github.com/users/jbrockmendel/received_events', 'type': 'User', 'site_admin': False}",jbrockmendel,8078968,MDQ6VXNlcjgwNzg5Njg=,https://avatars.githubusercontent.com/u/8078968?v=4,,https://api.github.com/users/jbrockmendel,https://github.com/jbrockmendel,https://api.github.com/users/jbrockmendel/followers,https://api.github.com/users/jbrockmendel/following{/other_user},https://api.github.com/users/jbrockmendel/gists{/gist_id},https://api.github.com/users/jbrockmendel/starred{/owner}{/repo},https://api.github.com/users/jbrockmendel/subscriptions,https://api.github.com/users/jbrockmendel/orgs,https://api.github.com/users/jbrockmendel/repos,https://api.github.com/users/jbrockmendel/events{/privacy},https://api.github.com/users/jbrockmendel/received_events,User,FALSE
20,1211494901,https://api.github.com/repos/pandas-dev/pandas/issues/46826,https://api.github.com/repos/pandas-dev/pandas,https://api.github.com/repos/pandas-dev/pandas/issues/46826/labels{/name},https://api.github.com/repos/pandas-dev/pandas/issues/46826/comments,https://api.github.com/repos/pandas-dev/pandas/issues/46826/events,https://github.com/pandas-dev/pandas/issues/46826,"{'login': 'JenDobson', 'id': 8229873, 'node_id': 'MDQ6VXNlcjgyMjk4NzM=', 'avatar_url': 'https://avatars.githubusercontent.com/u/8229873?v=4', 'gravatar_id': '', 'url': 'https://api.github.com/users/JenDobson', 'html_url': 'https://github.com/JenDobson', 'followers_url': 'https://api.github.com/users/JenDobson/followers', 'following_url': 'https://api.github.com/users/JenDobson/following{/other_user}', 'gists_url': 'https://api.github.com/users/JenDobson/gists{/gist_id}', 'starred_url': 'https://api.github.com/users/JenDobson/starred{/owner}{/repo}', 'subscriptions_url': 'https://api.github.com/users/JenDobson/subscriptions', 'organizations_url': 'https://api.github.com/users/JenDobson/orgs', 'repos_url': 'https://api.github.com/users/JenDobson/repos', 'events_url': 'https://api.github.com/users/JenDobson/events{/privacy}', 'received_events_url': 'https://api.github.com/users/JenDobson/received_events', 'type': 'User', 'site_admin': False}",JenDobson,8229873,MDQ6VXNlcjgyMjk4NzM=,https://avatars.githubusercontent.com/u/8229873?v=4,,https://api.github.com/users/JenDobson,https://github.com/JenDobson,https://api.github.com/users/JenDobson/followers,https://api.github.com/users/JenDobson/following{/other_user},https://api.github.com/users/JenDobson/gists{/gist_id},https://api.github.com/users/JenDobson/starred{/owner}{/repo},https://api.github.com/users/JenDobson/subscriptions,https://api.github.com/users/JenDobson/orgs,https://api.github.com/users/JenDobson/repos,https://api.github.com/users/JenDobson/events{/privacy},https://api.github.com/users/JenDobson/received_events,User,FALSE
21,1211415001,https://api.github.com/repos/pandas-dev/pandas/issues/46825,https://api.github.com/repos/pandas-dev/pandas,https://api.github.com/repos/pandas-dev/pandas/issues/46825/labels{/name},https://api.github.com/repos/pandas-dev/pandas/issues/46825/comments,https://api.github.com/repos/pandas-dev/pandas/issues/46825/events,https://github.com/pandas-dev/pandas/issues/46825,"{'login': 'MarcoGorelli', 'id': 33491632, 'node_id': 'MDQ6VXNlcjMzNDkxNjMy', 'avatar_url': 'https://avatars.githubusercontent.com/u/33491632?v=4', 'gravatar_id': '', 'url': 'https://api.github.com/users/MarcoGorelli', 'html_url': 'https://github.com/MarcoGorelli', 'followers_url': 'https://api.github.com/users/MarcoGorelli/followers', 'following_url': 'https://api.github.com/users/MarcoGorelli/following{/other_user}', 'gists_url': 'https://api.github.com/users/MarcoGorelli/gists{/gist_id}', 'starred_url': 'https://api.github.com/users/MarcoGorelli/starred{/owner}{/repo}', 'subscriptions_url': 'https://api.github.com/users/MarcoGorelli/subscriptions', 'organizations_url': 'https://api.github.com/users/MarcoGorelli/orgs', 'repos_url': 'https://api.github.com/users/MarcoGorelli/repos', 'events_url': 'https://api.github.com/users/MarcoGorelli/events{/privacy}', 'received_events_url': 'https://api.github.com/users/MarcoGorelli/received_events', 'type': 'User', 'site_admin': False}",MarcoGorelli,33491632,MDQ6VXNlcjMzNDkxNjMy,https://avatars.githubusercontent.com/u/33491632?v=4,,https://api.github.com/users/MarcoGorelli,https://github.com/MarcoGorelli,https://api.github.com/users/MarcoGorelli/followers,https://api.github.com/users/MarcoGorelli/following{/other_user},https://api.github.com/users/MarcoGorelli/gists{/gist_id},https://api.github.com/users/MarcoGorelli/starred{/owner}{/repo},https://api.github.com/users/MarcoGorelli/subscriptions,https://api.github.com/users/MarcoGorelli/orgs,https://api.github.com/users/MarcoGorelli/repos,https://api.github.com/users/MarcoGorelli/events{/privacy},https://api.github.com/users/MarcoGorelli/received_events,User,FALSE
22,1211397835,https://api.github.com/repos/pandas-dev/pandas/issues/46824,https://api.github.com/repos/pandas-dev/pandas,https://api.github.com/repos/pandas-dev/pandas/issues/46824/labels{/name},https://api.github.com/repos/pandas-dev/pandas/issues/46824/comments,https://api.github.com/repos/pandas-dev/pandas/issues/46824/events,https://github.com/pandas-dev/pandas/pull/46824,"{'login': 'pranavc28', 'id': 64712592, 'node_id': 'MDQ6VXNlcjY0NzEyNTky', 'avatar_url': 'https://avatars.githubusercontent.com/u/64712592?v=4', 'gravatar_id': '', 'url': 'https://api.github.com/users/pranavc28', 'html_url': 'https://github.com/pranavc28', 'followers_url': 'https://api.github.com/users/pranavc28/followers', 'following_url': 'https://api.github.com/users/pranavc28/following{/other_user}', 'gists_url': 'https://api.github.com/users/pranavc28/gists{/gist_id}', 'starred_url': 'https://api.github.com/users/pranavc28/starred{/owner}{/repo}', 'subscriptions_url': 'https://api.github.com/users/pranavc28/subscriptions', 'organizations_url': 'https://api.github.com/users/pranavc28/orgs', 'repos_url': 'https://api.github.com/users/pranavc28/repos', 'events_url': 'https://api.github.com/users/pranavc28/events{/privacy}', 'received_events_url': 'https://api.github.com/users/pranavc28/received_events', 'type': 'User', 'site_admin': False}",pranavc28,64712592,MDQ6VXNlcjY0NzEyNTky,https://avatars.githubusercontent.com/u/64712592?v=4,,https://api.github.com/users/pranavc28,https://github.com/pranavc28,https://api.github.com/users/pranavc28/followers,https://api.github.com/users/pranavc28/following{/other_user},https://api.github.com/users/pranavc28/gists{/gist_id},https://api.github.com/users/pranavc28/starred{/owner}{/repo},https://api.github.com/users/pranavc28/subscriptions,https://api.github.com/users/pranavc28/orgs,https://api.github.com/users/pranavc28/repos,https://api.github.com/users/pranavc28/events{/privacy},https://api.github.com/users/pranavc28/received_events,User,FALSE
23,1211379591,https://api.github.com/repos/pandas-dev/pandas/issues/46823,https://api.github.com/repos/pandas-dev/pandas,https://api.github.com/repos/pandas-dev/pandas/issues/46823/labels{/name},https://api.github.com/repos/pandas-dev/pandas/issues/46823/comments,https://api.github.com/repos/pandas-dev/pandas/issues/46823/events,https://github.com/pandas-dev/pandas/issues/46823,"{'login': 'sahil1105', 'id': 14302941, 'node_id': 'MDQ6VXNlcjE0MzAyOTQx', 'avatar_url': 'https://avatars.githubusercontent.com/u/14302941?v=4', 'gravatar_id': '', 'url': 'https://api.github.com/users/sahil1105', 'html_url': 'https://github.com/sahil1105', 'followers_url': 'https://api.github.com/users/sahil1105/followers', 'following_url': 'https://api.github.com/users/sahil1105/following{/other_user}', 'gists_url': 'https://api.github.com/users/sahil1105/gists{/gist_id}', 'starred_url': 'https://api.github.com/users/sahil1105/starred{/owner}{/repo}', 'subscriptions_url': 'https://api.github.com/users/sahil1105/subscriptions', 'organizations_url': 'https://api.github.com/users/sahil1105/orgs', 'repos_url': 'https://api.github.com/users/sahil1105/repos', 'events_url': 'https://api.github.com/users/sahil1105/events{/privacy}', 'received_events_url': 'https://api.github.com/users/sahil1105/received_events', 'type': 'User', 'site_admin': False}",sahil1105,14302941,MDQ6VXNlcjE0MzAyOTQx,https://avatars.githubusercontent.com/u/14302941?v=4,,https://api.github.com/users/sahil1105,https://github.com/sahil1105,https://api.github.com/users/sahil1105/followers,https://api.github.com/users/sahil1105/following{/other_user},https://api.github.com/users/sahil1105/gists{/gist_id},https://api.github.com/users/sahil1105/starred{/owner}{/repo},https://api.github.com/users/sahil1105/subscriptions,https://api.github.com/users/sahil1105/orgs,https://api.github.com/users/sahil1105/repos,https://api.github.com/users/sahil1105/events{/privacy},https://api.github.com/users/sahil1105/received_events,User,FALSE
24,1211318518,https://api.github.com/repos/pandas-dev/pandas/issues/46822,https://api.github.com/repos/pandas-dev/pandas,https://api.github.com/repos/pandas-dev/pandas/issues/46822/labels{/name},https://api.github.com/repos/pandas-dev/pandas/issues/46822/comments,https://api.github.com/repos/pandas-dev/pandas/issues/46822/events,https://github.com/pandas-dev/pandas/issues/46822,"{'login': 'pavelkomarov', 'id': 5639551, 'node_id': 'MDQ6VXNlcjU2Mzk1NTE=', 'avatar_url': 'https://avatars.githubusercontent.com/u/5639551?v=4', 'gravatar_id': '', 'url': 'https://api.github.com/users/pavelkomarov', 'html_url': 'https://github.com/pavelkomarov', 'followers_url': 'https://api.github.com/users/pavelkomarov/followers', 'following_url': 'https://api.github.com/users/pavelkomarov/following{/other_user}', 'gists_url': 'https://api.github.com/users/pavelkomarov/gists{/gist_id}', 'starred_url': 'https://api.github.com/users/pavelkomarov/starred{/owner}{/repo}', 'subscriptions_url': 'https://api.github.com/users/pavelkomarov/subscriptions', 'organizations_url': 'https://api.github.com/users/pavelkomarov/orgs', 'repos_url': 'https://api.github.com/users/pavelkomarov/repos', 'events_url': 'https://api.github.com/users/pavelkomarov/events{/privacy}', 'received_events_url': 'https://api.github.com/users/pavelkomarov/received_events', 'type': 'User', 'site_admin': False}",pavelkomarov,5639551,MDQ6VXNlcjU2Mzk1NTE=,https://avatars.githubusercontent.com/u/5639551?v=4,,https://api.github.com/users/pavelkomarov,https://github.com/pavelkomarov,https://api.github.com/users/pavelkomarov/followers,https://api.github.com/users/pavelkomarov/following{/other_user},https://api.github.com/users/pavelkomarov/gists{/gist_id},https://api.github.com/users/pavelkomarov/starred{/owner}{/repo},https://api.github.com/users/pavelkomarov/subscriptions,https://api.github.com/users/pavelkomarov/orgs,https://api.github.com/users/pavelkomarov/repos,https://api.github.com/users/pavelkomarov/events{/privacy},https://api.github.com/users/pavelkomarov/received_events,User,FALSE
25,1210993661,https://api.github.com/repos/pandas-dev/pandas/issues/46820,https://api.github.com/repos/pandas-dev/pandas,https://api.github.com/repos/pandas-dev/pandas/issues/46820/labels{/name},https://api.github.com/repos/pandas-dev/pandas/issues/46820/comments,https://api.github.com/repos/pandas-dev/pandas/issues/46820/events,https://github.com/pandas-dev/pandas/issues/46820,"{'login': 'Yikun', 'id': 1736354, 'node_id': 'MDQ6VXNlcjE3MzYzNTQ=', 'avatar_url': 'https://avatars.githubusercontent.com/u/1736354?v=4', 'gravatar_id': '', 'url': 'https://api.github.com/users/Yikun', 'html_url': 'https://github.com/Yikun', 'followers_url': 'https://api.github.com/users/Yikun/followers', 'following_url': 'https://api.github.com/users/Yikun/following{/other_user}', 'gists_url': 'https://api.github.com/users/Yikun/gists{/gist_id}', 'starred_url': 'https://api.github.com/users/Yikun/starred{/owner}{/repo}', 'subscriptions_url': 'https://api.github.com/users/Yikun/subscriptions', 'organizations_url': 'https://api.github.com/users/Yikun/orgs', 'repos_url': 'https://api.github.com/users/Yikun/repos', 'events_url': 'https://api.github.com/users/Yikun/events{/privacy}', 'received_events_url': 'https://api.github.com/users/Yikun/received_events', 'type': 'User', 'site_admin': False}",Yikun,1736354,MDQ6VXNlcjE3MzYzNTQ=,https://avatars.githubusercontent.com/u/1736354?v=4,,https://api.github.com/users/Yikun,https://github.com/Yikun,https://api.github.com/users/Yikun/followers,https://api.github.com/users/Yikun/following{/other_user},https://api.github.com/users/Yikun/gists{/gist_id},https://api.github.com/users/Yikun/starred{/owner}{/repo},https://api.github.com/users/Yikun/subscriptions,https://api.github.com/users/Yikun/orgs,https://api.github.com/users/Yikun/repos,https://api.github.com/users/Yikun/events{/privacy},https://api.github.com/users/Yikun/received_events,User,FALSE
26,1210920649,https://api.github.com/repos/pandas-dev/pandas/issues/46819,https://api.github.com/repos/pandas-dev/pandas,https://api.github.com/repos/pandas-dev/pandas/issues/46819/labels{/name},https://api.github.com/repos/pandas-dev/pandas/issues/46819/comments,https://api.github.com/repos/pandas-dev/pandas/issues/46819/events,https://github.com/pandas-dev/pandas/issues/46819,"{'login': 'Tiarles', 'id': 13910905, 'node_id': 'MDQ6VXNlcjEzOTEwOTA1', 'avatar_url': 'https://avatars.githubusercontent.com/u/13910905?v=4', 'gravatar_id': '', 'url': 'https://api.github.com/users/Tiarles', 'html_url': 'https://github.com/Tiarles', 'followers_url': 'https://api.github.com/users/Tiarles/followers', 'following_url': 'https://api.github.com/users/Tiarles/following{/other_user}', 'gists_url': 'https://api.github.com/users/Tiarles/gists{/gist_id}', 'starred_url': 'https://api.github.com/users/Tiarles/starred{/owner}{/repo}', 'subscriptions_url': 'https://api.github.com/users/Tiarles/subscriptions', 'organizations_url': 'https://api.github.com/users/Tiarles/orgs', 'repos_url': 'https://api.github.com/users/Tiarles/repos', 'events_url': 'https://api.github.com/users/Tiarles/events{/privacy}', 'received_events_url': 'https://api.github.com/users/Tiarles/received_events', 'type': 'User', 'site_admin': False}",Tiarles,13910905,MDQ6VXNlcjEzOTEwOTA1,https://avatars.githubusercontent.com/u/13910905?v=4,,https://api.github.com/users/Tiarles,https://github.com/Tiarles,https://api.github.com/users/Tiarles/followers,https://api.github.com/users/Tiarles/following{/other_user},https://api.github.com/users/Tiarles/gists{/gist_id},https://api.github.com/users/Tiarles/starred{/owner}{/repo},https://api.github.com/users/Tiarles/subscriptions,https://api.github.com/users/Tiarles/orgs,https://api.github.com/users/Tiarles/repos,https://api.github.com/users/Tiarles/events{/privacy},https://api.github.com/users/Tiarles/received_events,User,FALSE
27,1210895321,https://api.github.com/repos/pandas-dev/pandas/issues/46818,https://api.github.com/repos/pandas-dev/pandas,https://api.github.com/repos/pandas-dev/pandas/issues/46818/labels{/name},https://api.github.com/repos/pandas-dev/pandas/issues/46818/comments,https://api.github.com/repos/pandas-dev/pandas/issues/46818/events,https://github.com/pandas-dev/pandas/issues/46818,"{'login': 'anmyachev', 'id': 45976948, 'node_id': 'MDQ6VXNlcjQ1OTc2OTQ4', 'avatar_url': 'https://avatars.githubusercontent.com/u/45976948?v=4', 'gravatar_id': '', 'url': 'https://api.github.com/users/anmyachev', 'html_url': 'https://github.com/anmyachev', 'followers_url': 'https://api.github.com/users/anmyachev/followers', 'following_url': 'https://api.github.com/users/anmyachev/following{/other_user}', 'gists_url': 'https://api.github.com/users/anmyachev/gists{/gist_id}', 'starred_url': 'https://api.github.com/users/anmyachev/starred{/owner}{/repo}', 'subscriptions_url': 'https://api.github.com/users/anmyachev/subscriptions', 'organizations_url': 'https://api.github.com/users/anmyachev/orgs', 'repos_url': 'https://api.github.com/users/anmyachev/repos', 'events_url': 'https://api.github.com/users/anmyachev/events{/privacy}', 'received_events_url': 'https://api.github.com/users/anmyachev/received_events', 'type': 'User', 'site_admin': False}",anmyachev,45976948,MDQ6VXNlcjQ1OTc2OTQ4,https://avatars.githubusercontent.com/u/45976948?v=4,,https://api.github.com/users/anmyachev,https://github.com/anmyachev,https://api.github.com/users/anmyachev/followers,https://api.github.com/users/anmyachev/following{/other_user},https://api.github.com/users/anmyachev/gists{/gist_id},https://api.github.com/users/anmyachev/starred{/owner}{/repo},https://api.github.com/users/anmyachev/subscriptions,https://api.github.com/users/anmyachev/orgs,https://api.github.com/users/anmyachev/repos,https://api.github.com/users/anmyachev/events{/privacy},https://api.github.com/users/anmyachev/received_events,User,FALSE
28,1210787621,https://api.github.com/repos/pandas-dev/pandas/issues/46817,https://api.github.com/repos/pandas-dev/pandas,https://api.github.com/repos/pandas-dev/pandas/issues/46817/labels{/name},https://api.github.com/repos/pandas-dev/pandas/issues/46817/comments,https://api.github.com/repos/pandas-dev/pandas/issues/46817/events,https://github.com/pandas-dev/pandas/pull/46817,"{'login': 'LeonardoAlchieri', 'id': 52285771, 'node_id': 'MDQ6VXNlcjUyMjg1Nzcx', 'avatar_url': 'https://avatars.githubusercontent.com/u/52285771?v=4', 'gravatar_id': '', 'url': 'https://api.github.com/users/LeonardoAlchieri', 'html_url': 'https://github.com/LeonardoAlchieri', 'followers_url': 'https://api.github.com/users/LeonardoAlchieri/followers', 'following_url': 'https://api.github.com/users/LeonardoAlchieri/following{/other_user}', 'gists_url': 'https://api.github.com/users/LeonardoAlchieri/gists{/gist_id}', 'starred_url': 'https://api.github.com/users/LeonardoAlchieri/starred{/owner}{/repo}', 'subscriptions_url': 'https://api.github.com/users/LeonardoAlchieri/subscriptions', 'organizations_url': 'https://api.github.com/users/LeonardoAlchieri/orgs', 'repos_url': 'https://api.github.com/users/LeonardoAlchieri/repos', 'events_url': 'https://api.github.com/users/LeonardoAlchieri/events{/privacy}', 'received_events_url': 'https://api.github.com/users/LeonardoAlchieri/received_events', 'type': 'User', 'site_admin': False}",LeonardoAlchieri,52285771,MDQ6VXNlcjUyMjg1Nzcx,https://avatars.githubusercontent.com/u/52285771?v=4,,https://api.github.com/users/LeonardoAlchieri,https://github.com/LeonardoAlchieri,https://api.github.com/users/LeonardoAlchieri/followers,https://api.github.com/users/LeonardoAlchieri/following{/other_user},https://api.github.com/users/LeonardoAlchieri/gists{/gist_id},https://api.github.com/users/LeonardoAlchieri/starred{/owner}{/repo},https://api.github.com/users/LeonardoAlchieri/subscriptions,https://api.github.com/users/LeonardoAlchieri/orgs,https://api.github.com/users/LeonardoAlchieri/repos,https://api.github.com/users/LeonardoAlchieri/events{/privacy},https://api.github.com/users/LeonardoAlchieri/received_events,User,FALSE
29,1210245304,https://api.github.com/repos/pandas-dev/pandas/issues/46815,https://api.github.com/repos/pandas-dev/pandas,https://api.github.com/repos/pandas-dev/pandas/issues/46815/labels{/name},https://api.github.com/repos/pandas-dev/pandas/issues/46815/comments,https://api.github.com/repos/pandas-dev/pandas/issues/46815/events,https://github.com/pandas-dev/pandas/pull/46815,"{'login': 'romedina15', 'id': 59984841, 'node_id': 'MDQ6VXNlcjU5OTg0ODQx', 'avatar_url': 'https://avatars.githubusercontent.com/u/59984841?v=4', 'gravatar_id': '', 'url': 'https://api.github.com/users/romedina15', 'html_url': 'https://github.com/romedina15', 'followers_url': 'https://api.github.com/users/romedina15/followers', 'following_url': 'https://api.github.com/users/romedina15/following{/other_user}', 'gists_url': 'https://api.github.com/users/romedina15/gists{/gist_id}', 'starred_url': 'https://api.github.com/users/romedina15/starred{/owner}{/repo}', 'subscriptions_url': 'https://api.github.com/users/romedina15/subscriptions', 'organizations_url': 'https://api.github.com/users/romedina15/orgs', 'repos_url': 'https://api.github.com/users/romedina15/repos', 'events_url': 'https://api.github.com/users/romedina15/events{/privacy}', 'received_events_url': 'https://api.github.com/users/romedina15/received_events', 'type': 'User', 'site_admin': False}",romedina15,59984841,MDQ6VXNlcjU5OTg0ODQx,https://avatars.githubusercontent.com/u/59984841?v=4,,https://api.github.com/users/romedina15,https://github.com/romedina15,https://api.github.com/users/romedina15/followers,https://api.github.com/users/romedina15/following{/other_user},https://api.github.com/users/romedina15/gists{/gist_id},https://api.github.com/users/romedina15/starred{/owner}{/repo},https://api.github.com/users/romedina15/subscriptions,https://api.github.com/users/romedina15/orgs,https://api.github.com/users/romedina15/repos,https://api.github.com/users/romedina15/events{/privacy},https://api.github.com/users/romedina15/received_events,User,FALSE
